slice,route_fragment,api_token_guard_present,expected_route_line
GT-001D-B1,distributeHighScoreContent,yes,"$routes->get('distributeHighScoreContent', 'MarketingAPIController::distributeHighScoreContent', ['filter' => 'apiToken']);"
GT-001D-B1,fetchGeneratedSummaries,yes,"$routes->get('fetchGeneratedSummaries', 'MarketingAPIController::fetchGeneratedSummaries', ['filter' => 'apiToken']);"
GT-001D-B1,fetchGeneratedSummariesBlock,yes,"$routes->get('fetchGeneratedSummariesBlock', 'MarketingAPIController::fetchGeneratedSummariesBlock', ['filter' => 'apiToken']);"
GT-001D-B1,fetchGeneratedSummariesJson,yes,"$routes->get('fetchGeneratedSummariesJson', 'MarketingAPIController::fetchGeneratedSummariesJson', ['filter' => 'apiToken']);"
GT-001D-B1,generateFromTicker,yes,"$routes->match(['GET', 'POST'], 'generateFromTicker', 'MarketingAPIController::generateFromTicker', ['filter' => 'apiToken']);"
GT-001D-B1,generateFromTopic,yes,"$routes->match(['GET', 'POST'], 'generateFromTopic', 'MarketingAPIController::generateFromTopic', ['filter' => 'apiToken']);"
GT-001D-B1,generateFromScrapedSource/(:num),yes,"$routes->match(['GET', 'POST'], 'generateFromScrapedSource/(:num)', 'MarketingAPIController::generateFromScrapedSource/$1', ['filter' => 'apiToken']);"
GT-001D-B1,forceGenerateFromTemp,yes,"$routes->get('forceGenerateFromTemp', 'MarketingAPIController::forceGenerateFromTemp', ['filter' => 'apiToken']);"
GT-001D-B1,ForceGenerateFromTemp/(:num),yes,"$routes->get('ForceGenerateFromTemp/(:num)', 'MarketingAPIController::ForceGenerateFromTemp/$1', ['filter' => 'apiToken']);"
GT-001D-B1,generateCampaignContent,yes,"$routes->match(['GET', 'POST'], 'generateCampaignContent', 'MarketingAPIController::generateCampaignContent', ['filter' => 'apiToken']);"
GT-001D-B1,generateDailyMarketCampaign,yes,"$routes->match(['GET', 'POST'], 'generateDailyMarketCampaign', 'MarketingAPIController::generateDailyMarketCampaign', ['filter' => 'apiToken']);"
GT-001D-B1,generateCampaignStepContent,yes,"$routes->match(['GET', 'POST'], 'generateCampaignStepContent', 'MarketingAPIController::generateCampaignStepContent', ['filter' => 'apiToken']);"
GT-001D-B1,generateContentFromScraper,yes,"$routes->get('generateContentFromScraper', 'MarketingAPIController::generateContentFromScraper', ['filter' => 'apiToken']);"
GT-001D-B1,generateContentDigestFromStored,yes,"$routes->get('generateContentDigestFromStored', 'MarketingAPIController::generateContentDigestFromStored', ['filter' => 'apiToken']);"
GT-001D-B1,generateDailyContentDigest,yes,"$routes->get('generateDailyContentDigest', 'MarketingAPIController::generateDailyContentDigest', ['filter' => 'apiToken']);"
GT-001D-B1,generateKimiSummaries,yes,"$routes->get('generateKimiSummaries', 'MarketingAPIController::generateKimiSummaries', ['filter' => 'apiToken']);"
GT-001D-B1,generateKimiPosts,yes,"$routes->get('generateKimiPosts', 'MarketingAPIController::generateKimiPosts', ['filter' => 'apiToken']);"
GT-001D-B1,GenerateFromSimilar/(:num),yes,"$routes->get('GenerateFromSimilar/(:num)', 'MarketingAPIController::generateFromSimilar/$1', ['filter' => 'apiToken']);"
GT-001D-B1,generateFromSimilar,yes,"$routes->get('generateFromSimilar', 'MarketingAPIController::generateFromSimilar', ['filter' => 'apiToken']);"
GT-001D-B1,generateLivePreview,yes,"$routes->get('generateLivePreview', 'MarketingAPIController::generateLivePreview', ['filter' => 'apiToken']);"
GT-001D-B1,generatePostsFromSummary/(:num),yes,"$routes->get('generatePostsFromSummary/(:num)', 'MarketingAPIController::generatePostsFromSummary/$1', ['filter' => 'apiToken']);"
GT-001D-B1,generatePostsFromSummary,yes,"$routes->get('generatePostsFromSummary', 'MarketingAPIController::generatePostsFromSummary', ['filter' => 'apiToken']);"
GT-001D-B1,generatePostMediaContent,yes,"$routes->match(['GET', 'POST'], 'generatePostMediaContent', 'MarketingAPIController::generatePostMediaContent', ['filter' => 'apiToken']);"
GT-001D-B1,generateScheduledPosts,yes,"$routes->get('generateScheduledPosts', 'MarketingAPIController::generateScheduledPosts', ['filter' => 'apiToken']);"
GT-001D-B1,getCleanedScrapedContent,yes,"$routes->get('getCleanedScrapedContent', 'MarketingAPIController::getCleanedScrapedContent', ['filter' => 'apiToken']);"
