slice,route_fragment,status,unguarded_exact_count,guarded_exact_count,matched_line
GT-001D-B3,runMarketingPipeline,new_guard_needed,1,0,"$routes->match(['GET', 'POST'], 'runMarketingPipeline', 'MarketingAPIController::runMarketingPipeline');"
GT-001D-B3,generateContent,new_guard_needed,1,0,"$routes->get('generateContent', 'MarketingAPIController::generateContent');"
GT-001D-B3,generateNewsletter,new_guard_needed,1,0,"$routes->get('generateNewsletter', 'MarketingAPIController::generateNewsletterContent');"
GT-001D-B3,getRecentScrapes,new_guard_needed,1,0,"$routes->get('getRecentScrapes', 'MarketingAPIController::getRecentScrapes');"
GT-001D-B3,Grouped-Content-Drafts,new_guard_needed,1,0,"$routes->get('Grouped-Content-Drafts', 'MarketingAPIController::generateGroupedContentDrafts');"
GT-001D-B3,previewGeneratedPost/(:num),new_guard_needed,1,0,"$routes->get('previewGeneratedPost/(:num)', 'MarketingAPIController::previewGeneratedPost/$1');"
GT-001D-B3,RunContentGeneration,new_guard_needed,1,0,"$routes->get('RunContentGeneration', 'Management\MarketingAPIController::runContentGeneration');"
GT-001D-B3,Quick-Scraper,new_guard_needed,1,0,"$routes->get('Quick-Scraper', 'MarketingAPIController::standaloneScrape');"
GT-001D-B3,submitDailyLog,new_guard_needed,1,0,"$routes->get('submitDailyLog', 'MarketingAPIController::submitDailyLog');"
GT-001D-B3,approvePost/(:num),new_guard_needed,1,0,"$routes->post('approvePost/(:num)', 'MarketingAPIController::approvePost/$1');"
GT-001D-B3,approveBufferItem/(:num),new_guard_needed,1,0,"$routes->post('approveBufferItem/(:num)', 'MarketingAPIController::approveBufferItem/$1');"
GT-001D-B3,autoScheduleNextApproved,new_guard_needed,1,0,"$routes->post('autoScheduleNextApproved', 'MarketingAPIController::autoScheduleNextApproved');"
GT-001D-B3,generateVideoContent,new_guard_needed,1,0,"$routes->post('generateVideoContent', 'MarketingAPIController::generateVideoContent');"
GT-001D-B3,generateTikTokContent,new_guard_needed,1,0,"$routes->post('generateTikTokContent', 'MarketingAPIController::generateTikTokContent');"
GT-001D-B3,saveVideoDraft,new_guard_needed,1,0,"$routes->post('saveVideoDraft', 'MarketingAPIController::saveVideoDraft');"
GT-001D-B3,updateVideoContent/(:num),new_guard_needed,1,0,"$routes->post('updateVideoContent/(:num)', 'MarketingAPIController::updateVideoContent/$1');"
GT-001D-B3,approveVideoContent/(:num),new_guard_needed,1,0,"$routes->post('approveVideoContent/(:num)', 'MarketingAPIController::approveVideoContent/$1');"
GT-001D-B3,duplicateVideoContent/(:num),new_guard_needed,1,0,"$routes->post('duplicateVideoContent/(:num)', 'MarketingAPIController::duplicateVideoContent/$1');"
GT-001D-B3,generateFromTicker,already_guarded,0,1,"$routes->match(['GET', 'POST'], 'generateFromTicker', 'MarketingAPIController::generateFromTicker', ['filter' => 'apiToken']);"
GT-001D-B3,generateFromTopic,already_guarded,0,1,"$routes->match(['GET', 'POST'], 'generateFromTopic', 'MarketingAPIController::generateFromTopic', ['filter' => 'apiToken']);"
GT-001D-B3,generateFromScrapedSource/(:num),already_guarded,0,1,"$routes->match(['GET', 'POST'], 'generateFromScrapedSource/(:num)', 'MarketingAPIController::generateFromScrapedSource/$1', ['filter' => 'apiToken']);"
GT-001D-B3,saveTemplate,already_guarded,0,1,"$routes->match(['GET', 'POST'], 'saveTemplate', 'MarketingAPIController::saveTemplate', ['filter' => 'apiToken']);"
GT-001D-B3,generateCampaignContent,already_guarded,0,1,"$routes->match(['GET', 'POST'], 'generateCampaignContent', 'MarketingAPIController::generateCampaignContent', ['filter' => 'apiToken']);"
GT-001D-B3,generateDailyMarketCampaign,already_guarded,0,1,"$routes->match(['GET', 'POST'], 'generateDailyMarketCampaign', 'MarketingAPIController::generateDailyMarketCampaign', ['filter' => 'apiToken']);"
GT-001D-B3,API/Marketing root POST,review_required_root_route_found,0,2,"$routes->post('/', 'MarketingAPIController::index'); | $routes->get('/', 'MarketingAPIController::index');"
