TaskID,ProjectID,SubprojectID,Area,Feature_Surface,Title,Acceptance,Status,Severity,Priority,Owner,Due_Date,Routes,Handler,Dependencies,Evidence_Link,Updated_UTC
MYMI-GTM-001,MYMI-GTM-COMPLETION,W0,Incident containment and trustworthy automation,Contain exposed tracked credentials,Contain exposed tracked credentials,Credential owners revoke or rotate every exposed credential using redacted evidence; no secret value appears in any report.,proposed,critical,P0,human-external-mutation,,,chat/.env;.gitignore,,docs/_aiops/gtm/MYMI_PLATFORM_COMPLETION_AUDIT_2026-09-20.md,2026-09-20T00:00:00Z
MYMI-GTM-002,MYMI-GTM-COMPLETION,W0,Incident containment and trustworthy automation,Replace tracked runtime configuration with a safe contract,Replace tracked runtime configuration with a safe contract,"Complete and certify “Replace tracked runtime configuration with a safe contract” with targeted positive, negative, authorization, and failure evidence as applicable; record risks, rollback, and atomic successors.",proposed,high,P0,security-owner,,,chat/.env;chat/README.md;.gitignore,MYMI-GTM-001,docs/_aiops/gtm/MYMI_PLATFORM_COMPLETION_AUDIT_2026-09-20.md,2026-09-20T00:00:00Z
MYMI-GTM-003,MYMI-GTM-COMPLETION,W0,Incident containment and trustworthy automation,Enforce nested secret scanning,Enforce nested secret scanning,"Complete and certify “Enforce nested secret scanning” with targeted positive, negative, authorization, and failure evidence as applicable; record risks, rollback, and atomic successors.",proposed,high,P0,source-review,,,.github/workflows/;app/Commands/Security/,MYMI-GTM-002,docs/_aiops/gtm/MYMI_PLATFORM_COMPLETION_AUDIT_2026-09-20.md,2026-09-20T00:00:00Z
MYMI-GTM-004,MYMI-GTM-COMPLETION,W0,Incident containment and trustworthy automation,Repair AIOps command and workflow contract,Repair AIOps command and workflow contract,Workflow command names match registered Spark commands and controlled auto and manual runs pass.,proposed,high,P0,source-review,,,.github/workflows/aiops-auto-run.yml;.github/workflows/aiops-manual-priority.yml;app/Commands/AIOps/,,docs/_aiops/gtm/MYMI_PLATFORM_COMPLETION_AUDIT_2026-09-20.md,2026-09-20T00:00:00Z
MYMI-GTM-005,MYMI-GTM-COMPLETION,W0,Incident containment and trustworthy automation,Repair CI Health workflow syntax,Repair CI Health workflow syntax,The workflow parses as YAML and GitHub Actions syntax and a branch run executes its health job.,proposed,medium,P0,source-review,,,.github/workflows/ci-health.yml,,docs/_aiops/gtm/MYMI_PLATFORM_COMPLETION_AUDIT_2026-09-20.md,2026-09-20T00:00:00Z
MYMI-GTM-006,MYMI-GTM-COMPLETION,W0,Incident containment and trustworthy automation,Add workflow syntax and action lint gate,Add workflow syntax and action lint gate,"Complete and certify “Add workflow syntax and action lint gate” with targeted positive, negative, authorization, and failure evidence as applicable; record risks, rollback, and atomic successors.",proposed,medium,P0,source-review,,,.github/workflows/;scripts/,MYMI-GTM-005,docs/_aiops/gtm/MYMI_PLATFORM_COMPLETION_AUDIT_2026-09-20.md,2026-09-20T00:00:00Z
MYMI-GTM-007,MYMI-GTM-COMPLETION,W0,Incident containment and trustworthy automation,Restore release-critical CI failure semantics,Restore release-critical CI failure semantics,Release-critical checks fail correctly; any non-blocking report is explicitly named and justified.,proposed,high,P0,source-review,,,.github/workflows/ci.yml;phpunit.xml.dist;composer.json,MYMI-GTM-005,docs/_aiops/gtm/MYMI_PLATFORM_COMPLETION_AUDIT_2026-09-20.md,2026-09-20T00:00:00Z
MYMI-GTM-008,MYMI-GTM-COMPLETION,W0,Incident containment and trustworthy automation,Add dependency and supply-chain gates,Add dependency and supply-chain gates,"Complete and certify “Add dependency and supply-chain gates” with targeted positive, negative, authorization, and failure evidence as applicable; record risks, rollback, and atomic successors.",proposed,medium,P0,security-owner,,,composer.json;composer.lock;mobile/package.json;mobile/package-lock.json;.github/workflows/,MYMI-GTM-003;MYMI-GTM-007,docs/_aiops/gtm/MYMI_PLATFORM_COMPLETION_AUDIT_2026-09-20.md,2026-09-20T00:00:00Z
MYMI-GTM-009,MYMI-GTM-COMPLETION,W0,Incident containment and trustworthy automation,Reconcile open pull-request and stacked-branch lineage,Reconcile open pull-request and stacked-branch lineage,"Complete and certify “Reconcile open pull-request and stacked-branch lineage” with targeted positive, negative, authorization, and failure evidence as applicable; record risks, rollback, and atomic successors.",proposed,high,P0,source-review,,,.github/;docs/gt-002/;docs/_aiops/,,docs/_aiops/gtm/MYMI_PLATFORM_COMPLETION_AUDIT_2026-09-20.md,2026-09-20T00:00:00Z
MYMI-GTM-010,MYMI-GTM-COMPLETION,W0,Incident containment and trustworthy automation,Create current GT-002-R2 functional tracker,Create current GT-002-R2 functional tracker,"Complete and certify “Create current GT-002-R2 functional tracker” with targeted positive, negative, authorization, and failure evidence as applicable; record risks, rollback, and atomic successors.",proposed,medium,P0,source-review,,,docs/gt-002/;docs/_aiops/gtm/,MYMI-GTM-009,docs/_aiops/gtm/MYMI_PLATFORM_COMPLETION_AUDIT_2026-09-20.md,2026-09-20T00:00:00Z
MYMI-GTM-011,MYMI-GTM-COMPLETION,W0,Incident containment and trustworthy automation,Reconcile launch decision evidence,Reconcile launch decision evidence,"Complete and certify “Reconcile launch decision evidence” with targeted positive, negative, authorization, and failure evidence as applicable; record risks, rollback, and atomic successors.",proposed,medium,P0,source-review,,,docs/launch/,MYMI-GTM-010,docs/_aiops/gtm/MYMI_PLATFORM_COMPLETION_AUDIT_2026-09-20.md,2026-09-20T00:00:00Z
MYMI-GTM-012,MYMI-GTM-COMPLETION,W0,Incident containment and trustworthy automation,Repair local AIOps operator documentation,Repair local AIOps operator documentation,"Complete and certify “Repair local AIOps operator documentation” with targeted positive, negative, authorization, and failure evidence as applicable; record risks, rollback, and atomic successors.",proposed,low,P1,source-review,,,docs/_aiops/LOCAL_OLLAMA_AIOPS_WORKFLOW.md;docs/_aiops/codex-aiops-handoff-protocol.md;docs/_aiops/task-schema.md,MYMI-GTM-004,docs/_aiops/gtm/MYMI_PLATFORM_COMPLETION_AUDIT_2026-09-20.md,2026-09-20T00:00:00Z
MYMI-GTM-013,MYMI-GTM-COMPLETION,W1,Identity and account integrity,Decide and document canonical authentication runtime,Decide and document canonical authentication runtime,"An approved ADR names the canonical auth runtime, compatibility boundary, data migration, and rollback consequences.",proposed,high,P0,controlled-auth-mutation,,,app/Config/Auth.php;app/Config/Services.php;composer.json;app/Controllers/AuthController.php,MYMI-GTM-010,docs/_aiops/gtm/MYMI_PLATFORM_COMPLETION_AUDIT_2026-09-20.md,2026-09-20T00:00:00Z
MYMI-GTM-014,MYMI-GTM-COMPLETION,W1,Identity and account integrity,Produce read-only authentication schema drift report,Produce read-only authentication schema drift report,"Expected auth tables, columns, indexes, and identities are compared across target environments without mutation or sensitive output.",proposed,high,P0,database-readonly-approval,,,app/Database/Migrations/;app/Models/;docs/gt-002/,MYMI-GTM-013,docs/_aiops/gtm/MYMI_PLATFORM_COMPLETION_AUDIT_2026-09-20.md,2026-09-20T00:00:00Z
MYMI-GTM-015,MYMI-GTM-COMPLETION,W1,Identity and account integrity,Implement identity migration and backfill,Implement identity migration and backfill,An isolated-data forward migration and backfill creates missing identities without duplicate principals and has proven recovery.,proposed,critical,P0,human-database-mutation,,,app/Database/Migrations/;app/Models/;app/Services/,MYMI-GTM-014,docs/_aiops/gtm/MYMI_PLATFORM_COMPLETION_AUDIT_2026-09-20.md,2026-09-20T00:00:00Z
MYMI-GTM-016,MYMI-GTM-COMPLETION,W1,Identity and account integrity,Certify login and failure handling,Certify login and failure handling,"Complete and certify “Certify login and failure handling” with targeted positive, negative, authorization, and failure evidence as applicable; record risks, rollback, and atomic successors.",proposed,high,P0,controlled-auth-mutation,,,app/Controllers/AuthController.php;app/Services/;app/Views/auth/;tests/,MYMI-GTM-015,docs/_aiops/gtm/MYMI_PLATFORM_COMPLETION_AUDIT_2026-09-20.md,2026-09-20T00:00:00Z
MYMI-GTM-017,MYMI-GTM-COMPLETION,W1,Identity and account integrity,Certify registration and email verification,Certify registration and email verification,"Controlled registration creates one principal, expiring single-use verification, and versioned consent.",proposed,high,P0,controlled-auth-mutation,,,app/Controllers/AuthController.php;app/Views/auth/;app/Services/;tests/,MYMI-GTM-015;MYMI-GTM-057,docs/_aiops/gtm/MYMI_PLATFORM_COMPLETION_AUDIT_2026-09-20.md,2026-09-20T00:00:00Z
MYMI-GTM-018,MYMI-GTM-COMPLETION,W1,Identity and account integrity,Certify password reset and account rescue,Certify password reset and account rescue,"Complete and certify “Certify password reset and account rescue” with targeted positive, negative, authorization, and failure evidence as applicable; record risks, rollback, and atomic successors.",proposed,high,P0,controlled-auth-mutation,,,app/Controllers/AuthController.php;app/Modules/User/;app/Services/;tests/,MYMI-GTM-015,docs/_aiops/gtm/MYMI_PLATFORM_COMPLETION_AUDIT_2026-09-20.md,2026-09-20T00:00:00Z
MYMI-GTM-019,MYMI-GTM-COMPLETION,W1,Identity and account integrity,Certify session logout and cookie policy,Certify session logout and cookie policy,"Complete and certify “Certify session logout and cookie policy” with targeted positive, negative, authorization, and failure evidence as applicable; record risks, rollback, and atomic successors.",proposed,high,P0,controlled-auth-mutation,,,app/Config/App.php;app/Config/Cookie.php;app/Config/Session.php;tests/,MYMI-GTM-013,docs/_aiops/gtm/MYMI_PLATFORM_COMPLETION_AUDIT_2026-09-20.md,2026-09-20T00:00:00Z
MYMI-GTM-020,MYMI-GTM-COMPLETION,W1,Identity and account integrity,Complete two-factor authentication,Complete two-factor authentication,"Complete and certify “Complete two-factor authentication” with targeted positive, negative, authorization, and failure evidence as applicable; record risks, rollback, and atomic successors.",proposed,high,P1,controlled-auth-mutation,,,app/Controllers/AuthController.php;app/Services/;app/Views/auth/;tests/,MYMI-GTM-016;MYMI-GTM-019,docs/_aiops/gtm/MYMI_PLATFORM_COMPLETION_AUDIT_2026-09-20.md,2026-09-20T00:00:00Z
MYMI-GTM-021,MYMI-GTM-COMPLETION,W1,Identity and account integrity,Certify social and broker account connectors,Certify social and broker account connectors,"Complete and certify “Certify social and broker account connectors” with targeted positive, negative, authorization, and failure evidence as applicable; record risks, rollback, and atomic successors.",proposed,high,P1,human-external-sandbox,,app/Config/Routes.php,app/Controllers/AuthController.php;app/Controllers/API/;app/Services/;app/Config/Routes.php,MYMI-GTM-016;MYMI-GTM-027,docs/_aiops/gtm/MYMI_PLATFORM_COMPLETION_AUDIT_2026-09-20.md,2026-09-20T00:00:00Z
MYMI-GTM-022,MYMI-GTM-COMPLETION,W2,Route and access-control integrity,Generate deterministic runtime route manifest,Generate deterministic runtime route manifest,A runtime-derived manifest resolves group namespaces and callable targets and classifies every route.,proposed,medium,P0,source-review,,app/Config/Routes.php;app/Config/Routes/,app/Config/Routes.php;app/Config/Routes/;app/Controllers/;app/Modules/,MYMI-GTM-004;MYMI-GTM-007,docs/_aiops/gtm/MYMI_PLATFORM_COMPLETION_AUDIT_2026-09-20.md,2026-09-20T00:00:00Z
MYMI-GTM-023,MYMI-GTM-COMPLETION,W2,Route and access-control integrity,Repair missing authentication route handlers,Repair missing authentication route handlers,"Complete and certify “Repair missing authentication route handlers” with targeted positive, negative, authorization, and failure evidence as applicable; record risks, rollback, and atomic successors.",proposed,high,P0,controlled-auth-mutation,,app/Config/Routes.php,app/Config/Routes.php;app/Controllers/AuthController.php;tests/,MYMI-GTM-013;MYMI-GTM-022,docs/_aiops/gtm/MYMI_PLATFORM_COMPLETION_AUDIT_2026-09-20.md,2026-09-20T00:00:00Z
MYMI-GTM-024,MYMI-GTM-COMPLETION,W2,Route and access-control integrity,Repair investment strategy and goal route handlers,Repair investment strategy and goal route handlers,"Complete and certify “Repair investment strategy and goal route handlers” with targeted positive, negative, authorization, and failure evidence as applicable; record risks, rollback, and atomic successors.",proposed,medium,P1,source-review,,app/Config/Routes.php,app/Config/Routes.php;app/Modules/User/Controllers/;tests/,MYMI-GTM-022,docs/_aiops/gtm/MYMI_PLATFORM_COMPLETION_AUDIT_2026-09-20.md,2026-09-20T00:00:00Z
MYMI-GTM-025,MYMI-GTM-COMPLETION,W2,Route and access-control integrity,Repair API controller naming and method contracts,Repair API controller naming and method contracts,"Complete and certify “Repair API controller naming and method contracts” with targeted positive, negative, authorization, and failure evidence as applicable; record risks, rollback, and atomic successors.",proposed,high,P0,source-review,,app/Config/Routes.php,app/Config/Routes.php;app/Controllers/API/;tests/,MYMI-GTM-022,docs/_aiops/gtm/MYMI_PLATFORM_COMPLETION_AUDIT_2026-09-20.md,2026-09-20T00:00:00Z
MYMI-GTM-026,MYMI-GTM-COMPLETION,W2,Route and access-control integrity,Resolve remaining route target gaps,Resolve remaining route target gaps,"Complete and certify “Resolve remaining route target gaps” with targeted positive, negative, authorization, and failure evidence as applicable; record risks, rollback, and atomic successors.",proposed,high,P1,source-review,,app/Config/Routes.php;app/Config/Routes/,app/Config/Routes.php;app/Config/Routes/;app/Controllers/;app/Modules/,MYMI-GTM-023;MYMI-GTM-024;MYMI-GTM-025,docs/_aiops/gtm/MYMI_PLATFORM_COMPLETION_AUDIT_2026-09-20.md,2026-09-20T00:00:00Z
MYMI-GTM-027,MYMI-GTM-COMPLETION,W2,Route and access-control integrity,Classify and enforce API guard matrix,Classify and enforce API guard matrix,"Every API names its caller, authn, authz, CSRF or signature, rate, and audit policy; unclassified mutation defaults deny.",proposed,critical,P0,security-owner,,app/Config/Routes.php,app/Config/Filters.php;app/Config/Routes.php;app/Filters/;tests/unit/ExternalApiGuardTest.php,MYMI-GTM-022,docs/_aiops/gtm/MYMI_PLATFORM_COMPLETION_AUDIT_2026-09-20.md,2026-09-20T00:00:00Z
MYMI-GTM-028,MYMI-GTM-COMPLETION,W2,Route and access-control integrity,Correct CSRF and HTTP method semantics,Correct CSRF and HTTP method semantics,"Complete and certify “Correct CSRF and HTTP method semantics” with targeted positive, negative, authorization, and failure evidence as applicable; record risks, rollback, and atomic successors.",proposed,high,P0,security-owner,,app/Config/Routes.php,app/Config/Filters.php;app/Config/Routes.php;app/Controllers/;tests/,MYMI-GTM-027,docs/_aiops/gtm/MYMI_PLATFORM_COMPLETION_AUDIT_2026-09-20.md,2026-09-20T00:00:00Z
MYMI-GTM-029,MYMI-GTM-COMPLETION,W2,Route and access-control integrity,Certify RBAC and admin boundaries,Certify RBAC and admin boundaries,"Complete and certify “Certify RBAC and admin boundaries” with targeted positive, negative, authorization, and failure evidence as applicable; record risks, rollback, and atomic successors.",proposed,high,P0,security-owner,,app/Config/Routes.php,app/Config/Routes.php;app/Filters/;app/Modules/Management/;tests/,MYMI-GTM-027,docs/_aiops/gtm/MYMI_PLATFORM_COMPLETION_AUDIT_2026-09-20.md,2026-09-20T00:00:00Z
MYMI-GTM-030,MYMI-GTM-COMPLETION,W2,Route and access-control integrity,Enforce CSP security headers and cookie response policy,Enforce CSP security headers and cookie response policy,"Complete and certify “Enforce CSP security headers and cookie response policy” with targeted positive, negative, authorization, and failure evidence as applicable; record risks, rollback, and atomic successors.",proposed,medium,P1,security-owner,,,app/Config/Filters.php;app/Filters/;app/Config/ContentSecurityPolicy.php,MYMI-GTM-019,docs/_aiops/gtm/MYMI_PLATFORM_COMPLETION_AUDIT_2026-09-20.md,2026-09-20T00:00:00Z
MYMI-GTM-031,MYMI-GTM-COMPLETION,W2,Route and access-control integrity,Enforce rate limiting and security audit events,Enforce rate limiting and security audit events,"Complete and certify “Enforce rate limiting and security audit events” with targeted positive, negative, authorization, and failure evidence as applicable; record risks, rollback, and atomic successors.",proposed,medium,P1,security-owner,,,app/Filters/;app/Services/;app/Database/Migrations/;tests/,MYMI-GTM-027,docs/_aiops/gtm/MYMI_PLATFORM_COMPLETION_AUDIT_2026-09-20.md,2026-09-20T00:00:00Z
MYMI-GTM-032,MYMI-GTM-COMPLETION,W3,Core financial journeys,Define and test wallet ledger invariants,Define and test wallet ledger invariants,Ledger balance equations are transactionally enforced and concurrent failure cases reconcile exactly.,proposed,critical,P0,finance-owner,,,app/Models/;app/Services/;app/Database/Migrations/;tests/,MYMI-GTM-015;MYMI-GTM-027,docs/_aiops/gtm/MYMI_PLATFORM_COMPLETION_AUDIT_2026-09-20.md,2026-09-20T00:00:00Z
MYMI-GTM-033,MYMI-GTM-COMPLETION,W3,Core financial journeys,Certify wallet CRUD authorization and lifecycle,Certify wallet CRUD authorization and lifecycle,"Complete and certify “Certify wallet CRUD authorization and lifecycle” with targeted positive, negative, authorization, and failure evidence as applicable; record risks, rollback, and atomic successors.",proposed,high,P0,finance-owner,,,app/Modules/User/Controllers/;app/Models/;app/Services/;tests/,MYMI-GTM-032,docs/_aiops/gtm/MYMI_PLATFORM_COMPLETION_AUDIT_2026-09-20.md,2026-09-20T00:00:00Z
MYMI-GTM-034,MYMI-GTM-COMPLETION,W3,Core financial journeys,Certify transaction lifecycle and imports,Certify transaction lifecycle and imports,"Complete and certify “Certify transaction lifecycle and imports” with targeted positive, negative, authorization, and failure evidence as applicable; record risks, rollback, and atomic successors.",proposed,critical,P0,finance-owner,,,app/Modules/User/Controllers/;app/Models/;app/Services/;tests/,MYMI-GTM-032,docs/_aiops/gtm/MYMI_PLATFORM_COMPLETION_AUDIT_2026-09-20.md,2026-09-20T00:00:00Z
MYMI-GTM-035,MYMI-GTM-COMPLETION,W3,Core financial journeys,Enforce idempotency webhook and payment reconciliation,Enforce idempotency webhook and payment reconciliation,"Complete and certify “Enforce idempotency webhook and payment reconciliation” with targeted positive, negative, authorization, and failure evidence as applicable; record risks, rollback, and atomic successors.",proposed,critical,P0,human-external-sandbox,,,app/Controllers/API/;app/Services/;app/Database/Migrations/;tests/,MYMI-GTM-027;MYMI-GTM-032,docs/_aiops/gtm/MYMI_PLATFORM_COMPLETION_AUDIT_2026-09-20.md,2026-09-20T00:00:00Z
MYMI-GTM-036,MYMI-GTM-COMPLETION,W3,Core financial journeys,Certify dashboard onboarding and profile journey,Certify dashboard onboarding and profile journey,"Complete and certify “Certify dashboard onboarding and profile journey” with targeted positive, negative, authorization, and failure evidence as applicable; record risks, rollback, and atomic successors.",proposed,medium,P0,source-review,,,app/Modules/User/Controllers/;app/Modules/User/Views/;app/Services/;tests/,MYMI-GTM-016;MYMI-GTM-026,docs/_aiops/gtm/MYMI_PLATFORM_COMPLETION_AUDIT_2026-09-20.md,2026-09-20T00:00:00Z
MYMI-GTM-037,MYMI-GTM-COMPLETION,W3,Core financial journeys,Certify budget debt credit and repayment flows,Certify budget debt credit and repayment flows,"Complete and certify “Certify budget debt credit and repayment flows” with targeted positive, negative, authorization, and failure evidence as applicable; record risks, rollback, and atomic successors.",proposed,high,P0,finance-owner,,,app/Controllers/API/BudgetAPIController.php;app/Libraries/MyMIBudget.php;tests/,MYMI-GTM-026;MYMI-GTM-032,docs/_aiops/gtm/MYMI_PLATFORM_COMPLETION_AUDIT_2026-09-20.md,2026-09-20T00:00:00Z
MYMI-GTM-038,MYMI-GTM-COMPLETION,W3,Core financial journeys,Certify bank aggregation and Plaid lifecycle,Certify bank aggregation and Plaid lifecycle,"Complete and certify “Certify bank aggregation and Plaid lifecycle” with targeted positive, negative, authorization, and failure evidence as applicable; record risks, rollback, and atomic successors.",proposed,high,P1,human-external-sandbox,,,app/Controllers/API/;app/Services/;app/Models/;tests/,MYMI-GTM-021;MYMI-GTM-027;MYMI-GTM-034,docs/_aiops/gtm/MYMI_PLATFORM_COMPLETION_AUDIT_2026-09-20.md,2026-09-20T00:00:00Z
MYMI-GTM-039,MYMI-GTM-COMPLETION,W3,Core financial journeys,Certify investments watchlists and trade tracking,Certify investments watchlists and trade tracking,"Complete and certify “Certify investments watchlists and trade tracking” with targeted positive, negative, authorization, and failure evidence as applicable; record risks, rollback, and atomic successors.",proposed,high,P0,finance-owner,,,app/Modules/User/Controllers/;app/Models/;app/Services/;tests/,MYMI-GTM-024;MYMI-GTM-034,docs/_aiops/gtm/MYMI_PLATFORM_COMPLETION_AUDIT_2026-09-20.md,2026-09-20T00:00:00Z
MYMI-GTM-040,MYMI-GTM-COMPLETION,W3,Core financial journeys,Complete investment strategies and goals,Complete investment strategies and goals,"Complete and certify “Complete investment strategies and goals” with targeted positive, negative, authorization, and failure evidence as applicable; record risks, rollback, and atomic successors.",proposed,medium,P1,source-review,,,app/Modules/User/Controllers/;app/Modules/User/Views/;app/Models/;tests/,MYMI-GTM-024;MYMI-GTM-039,docs/_aiops/gtm/MYMI_PLATFORM_COMPLETION_AUDIT_2026-09-20.md,2026-09-20T00:00:00Z
MYMI-GTM-041,MYMI-GTM-COMPLETION,W3,Core financial journeys,Certify market research data and news freshness,Certify market research data and news freshness,"Complete and certify “Certify market research data and news freshness” with targeted positive, negative, authorization, and failure evidence as applicable; record risks, rollback, and atomic successors.",proposed,medium,P1,source-review,,,app/Services/;app/Models/;app/Commands/;tests/,MYMI-GTM-007,docs/_aiops/gtm/MYMI_PLATFORM_COMPLETION_AUDIT_2026-09-20.md,2026-09-20T00:00:00Z
MYMI-GTM-042,MYMI-GTM-COMPLETION,W3,Core financial journeys,Certify alert creation evaluation delivery and history,Certify alert creation evaluation delivery and history,"Complete and certify “Certify alert creation evaluation delivery and history” with targeted positive, negative, authorization, and failure evidence as applicable; record risks, rollback, and atomic successors.",proposed,high,P1,source-review,,,app/Modules/User/Controllers/;app/Services/;app/Commands/;tests/,MYMI-GTM-031;MYMI-GTM-041,docs/_aiops/gtm/MYMI_PLATFORM_COMPLETION_AUDIT_2026-09-20.md,2026-09-20T00:00:00Z
MYMI-GTM-043,MYMI-GTM-COMPLETION,W3,Core financial journeys,Certify referrals memberships subscriptions and entitlements,Certify referrals memberships subscriptions and entitlements,"Complete and certify “Certify referrals memberships subscriptions and entitlements” with targeted positive, negative, authorization, and failure evidence as applicable; record risks, rollback, and atomic successors.",proposed,high,P1,finance-owner,,,app/Modules/User/Controllers/;app/Models/;app/Services/;tests/,MYMI-GTM-035,docs/_aiops/gtm/MYMI_PLATFORM_COMPLETION_AUDIT_2026-09-20.md,2026-09-20T00:00:00Z
MYMI-GTM-044,MYMI-GTM-COMPLETION,W3,Core financial journeys,Certify support tickets notifications and account rescue,Certify support tickets notifications and account rescue,"Complete and certify “Certify support tickets notifications and account rescue” with targeted positive, negative, authorization, and failure evidence as applicable; record risks, rollback, and atomic successors.",proposed,medium,P1,source-review,,,app/Modules/Management/;app/Modules/User/;app/Services/;tests/,MYMI-GTM-018;MYMI-GTM-029;MYMI-GTM-031,docs/_aiops/gtm/MYMI_PLATFORM_COMPLETION_AUDIT_2026-09-20.md,2026-09-20T00:00:00Z
MYMI-GTM-045,MYMI-GTM-COMPLETION,W3,Core financial journeys,Certify privacy export erasure and retention,Certify privacy export erasure and retention,"Complete and certify “Certify privacy export erasure and retention” with targeted positive, negative, authorization, and failure evidence as applicable; record risks, rollback, and atomic successors.",proposed,high,P0,privacy-owner,,,app/Services/DataExportService.php;app/Services/DataErasureService.php;app/Database/Migrations/;tests/,MYMI-GTM-014;MYMI-GTM-029,docs/_aiops/gtm/MYMI_PLATFORM_COMPLETION_AUDIT_2026-09-20.md,2026-09-20T00:00:00Z
MYMI-GTM-046,MYMI-GTM-COMPLETION,W4,Extended product domains,Certify exchange orders balances and reconciliation,Certify exchange orders balances and reconciliation,"Complete and certify “Certify exchange orders balances and reconciliation” with targeted positive, negative, authorization, and failure evidence as applicable; record risks, rollback, and atomic successors.",proposed,critical,P1,human-external-sandbox,,,app/Modules/Exchange/;app/Services/;app/Models/;tests/,MYMI-GTM-032;MYMI-GTM-035,docs/_aiops/gtm/MYMI_PLATFORM_COMPLETION_AUDIT_2026-09-20.md,2026-09-20T00:00:00Z
MYMI-GTM-047,MYMI-GTM-COMPLETION,W4,Extended product domains,Certify Solana wallet and transaction lifecycle,Certify Solana wallet and transaction lifecycle,"Complete and certify “Certify Solana wallet and transaction lifecycle” with targeted positive, negative, authorization, and failure evidence as applicable; record risks, rollback, and atomic successors.",proposed,critical,P1,human-external-sandbox,,,app/Services/;app/Controllers/API/;docs/_aiops/reports/;tests/,MYMI-GTM-032;MYMI-GTM-035,docs/_aiops/gtm/MYMI_PLATFORM_COMPLETION_AUDIT_2026-09-20.md,2026-09-20T00:00:00Z
MYMI-GTM-048,MYMI-GTM-COMPLETION,W4,Extended product domains,Certify Bitcoin and DigiByte integrations,Certify Bitcoin and DigiByte integrations,"Complete and certify “Certify Bitcoin and DigiByte integrations” with targeted positive, negative, authorization, and failure evidence as applicable; record risks, rollback, and atomic successors.",proposed,critical,P1,human-external-sandbox,,,app/Controllers/API/;app/Services/;app/Models/;tests/,MYMI-GTM-025;MYMI-GTM-032;MYMI-GTM-035,docs/_aiops/gtm/MYMI_PLATFORM_COMPLETION_AUDIT_2026-09-20.md,2026-09-20T00:00:00Z
MYMI-GTM-049,MYMI-GTM-COMPLETION,W4,Extended product domains,Certify projects and CoinVault,Certify projects and CoinVault,"Complete and certify “Certify projects and CoinVault” with targeted positive, negative, authorization, and failure evidence as applicable; record risks, rollback, and atomic successors.",proposed,medium,P2,source-review,,,app/Modules/User/;app/Models/;app/Services/;tests/,MYMI-GTM-026;MYMI-GTM-032,docs/_aiops/gtm/MYMI_PLATFORM_COMPLETION_AUDIT_2026-09-20.md,2026-09-20T00:00:00Z
MYMI-GTM-050,MYMI-GTM-COMPLETION,W4,Extended product domains,Certify predictions and forecast presentation,Certify predictions and forecast presentation,"Complete and certify “Certify predictions and forecast presentation” with targeted positive, negative, authorization, and failure evidence as applicable; record risks, rollback, and atomic successors.",proposed,medium,P2,source-review,,,app/Modules/User/;app/Services/;app/Models/;tests/,MYMI-GTM-041,docs/_aiops/gtm/MYMI_PLATFORM_COMPLETION_AUDIT_2026-09-20.md,2026-09-20T00:00:00Z
MYMI-GTM-051,MYMI-GTM-COMPLETION,W4,Extended product domains,Certify tax workflows and disclaimers,Certify tax workflows and disclaimers,"Complete and certify “Certify tax workflows and disclaimers” with targeted positive, negative, authorization, and failure evidence as applicable; record risks, rollback, and atomic successors.",proposed,high,P2,source-review,,,app/Modules/Tax/;app/Services/;app/Models/;tests/,MYMI-GTM-034;MYMI-GTM-057,docs/_aiops/gtm/MYMI_PLATFORM_COMPLETION_AUDIT_2026-09-20.md,2026-09-20T00:00:00Z
MYMI-GTM-052,MYMI-GTM-COMPLETION,W4,Extended product domains,Certify PropFirms domain,Certify PropFirms domain,"Complete and certify “Certify PropFirms domain” with targeted positive, negative, authorization, and failure evidence as applicable; record risks, rollback, and atomic successors.",proposed,medium,P2,source-review,,,app/Modules/PropFirms/;app/Services/;app/Models/;tests/,MYMI-GTM-026;MYMI-GTM-027,docs/_aiops/gtm/MYMI_PLATFORM_COMPLETION_AUDIT_2026-09-20.md,2026-09-20T00:00:00Z
MYMI-GTM-053,MYMI-GTM-COMPLETION,W4,Extended product domains,Certify MDIT domain,Certify MDIT domain,"Complete and certify “Certify MDIT domain” with targeted positive, negative, authorization, and failure evidence as applicable; record risks, rollback, and atomic successors.",proposed,high,P2,human-external-sandbox,,,app/Modules/MDIT/;app/Controllers/;app/Services/;tests/,MYMI-GTM-026;MYMI-GTM-027,docs/_aiops/gtm/MYMI_PLATFORM_COMPLETION_AUDIT_2026-09-20.md,2026-09-20T00:00:00Z
MYMI-GTM-054,MYMI-GTM-COMPLETION,W4,Extended product domains,Certify communications community chat advisor and search,Certify communications community chat advisor and search,"Complete and certify “Certify communications community chat advisor and search” with targeted positive, negative, authorization, and failure evidence as applicable; record risks, rollback, and atomic successors.",proposed,medium,P2,privacy-owner,,,app/Modules/;chat/;app/Services/;tests/,MYMI-GTM-027;MYMI-GTM-031,docs/_aiops/gtm/MYMI_PLATFORM_COMPLETION_AUDIT_2026-09-20.md,2026-09-20T00:00:00Z
MYMI-GTM-055,MYMI-GTM-COMPLETION,W5,Customer experience and compliance ownership,Certify public marketing SEO and conversion routes,Certify public marketing SEO and conversion routes,"Complete and certify “Certify public marketing SEO and conversion routes” with targeted positive, negative, authorization, and failure evidence as applicable; record risks, rollback, and atomic successors.",proposed,medium,P1,marketing-owner,,app/Config/Routes.php;tests/feature/PublicRoutesAccessibleTest.php,app/Config/Routes.php;app/Views/;public/;tests/feature/PublicRoutesAccessibleTest.php,MYMI-GTM-026,docs/_aiops/gtm/MYMI_PLATFORM_COMPLETION_AUDIT_2026-09-20.md,2026-09-20T00:00:00Z
MYMI-GTM-056,MYMI-GTM-COMPLETION,W5,Customer experience and compliance ownership,Certify documentation knowledgebase and blog,Certify documentation knowledgebase and blog,"Complete and certify “Certify documentation knowledgebase and blog” with targeted positive, negative, authorization, and failure evidence as applicable; record risks, rollback, and atomic successors.",proposed,low,P2,marketing-owner,,,app/Views/;docs/;public/;tests/,MYMI-GTM-055,docs/_aiops/gtm/MYMI_PLATFORM_COMPLETION_AUDIT_2026-09-20.md,2026-09-20T00:00:00Z
MYMI-GTM-057,MYMI-GTM-COMPLETION,W5,Customer experience and compliance ownership,Certify legal consent and financial compliance ownership,Certify legal consent and financial compliance ownership,"Registration uses public current legal pages, records consent, and has named counsel/compliance decisions for KYC, AML, OFAC, fees, and claims.",proposed,critical,P0,human-legal-compliance,,app/Config/Routes.php,app/Views/auth/;app/Views/;docs/legal/;app/Config/Routes.php;app/Models/,MYMI-GTM-045;MYMI-GTM-055,docs/_aiops/gtm/MYMI_PLATFORM_COMPLETION_AUDIT_2026-09-20.md,2026-09-20T00:00:00Z
MYMI-GTM-058,MYMI-GTM-COMPLETION,W5,Customer experience and compliance ownership,Certify accessibility responsive design and browser forms,Certify accessibility responsive design and browser forms,"Complete and certify “Certify accessibility responsive design and browser forms” with targeted positive, negative, authorization, and failure evidence as applicable; record risks, rollback, and atomic successors.",proposed,medium,P1,ux-owner,,,app/Views/;public/assets/;tests/,MYMI-GTM-036;MYMI-GTM-055,docs/_aiops/gtm/MYMI_PLATFORM_COMPLETION_AUDIT_2026-09-20.md,2026-09-20T00:00:00Z
MYMI-GTM-059,MYMI-GTM-COMPLETION,W6,Data operations clients and release,Establish schema ownership and migration completeness,Establish schema ownership and migration completeness,"Complete and certify “Establish schema ownership and migration completeness” with targeted positive, negative, authorization, and failure evidence as applicable; record risks, rollback, and atomic successors.",proposed,high,P0,database-owner,,,app/Models/;app/Database/Migrations/;app/Database/Seeds/;docs/,MYMI-GTM-014,docs/_aiops/gtm/MYMI_PLATFORM_COMPLETION_AUDIT_2026-09-20.md,2026-09-20T00:00:00Z
MYMI-GTM-060,MYMI-GTM-COMPLETION,W6,Data operations clients and release,Prove backup restore and disaster recovery,Prove backup restore and disaster recovery,"Complete and certify “Prove backup restore and disaster recovery” with targeted positive, negative, authorization, and failure evidence as applicable; record risks, rollback, and atomic successors.",proposed,critical,P0,human-operations-mutation,,,docs/;scripts/;app/Commands/,MYMI-GTM-059,docs/_aiops/gtm/MYMI_PLATFORM_COMPLETION_AUDIT_2026-09-20.md,2026-09-20T00:00:00Z
MYMI-GTM-061,MYMI-GTM-COMPLETION,W6,Data operations clients and release,Build risk-based module test coverage,Build risk-based module test coverage,"Complete and certify “Build risk-based module test coverage” with targeted positive, negative, authorization, and failure evidence as applicable; record risks, rollback, and atomic successors.",proposed,high,P0,source-review,,,tests/;app/Modules/;phpunit.xml.dist,MYMI-GTM-007;MYMI-GTM-022,docs/_aiops/gtm/MYMI_PLATFORM_COMPLETION_AUDIT_2026-09-20.md,2026-09-20T00:00:00Z
MYMI-GTM-062,MYMI-GTM-COMPLETION,W6,Data operations clients and release,Certify management admin jobs and cron,Certify management admin jobs and cron,"Complete and certify “Certify management admin jobs and cron” with targeted positive, negative, authorization, and failure evidence as applicable; record risks, rollback, and atomic successors.",proposed,high,P0,operations-owner,,app/Config/Routes.php,app/Modules/Management/;app/Commands/;app/Config/Routes.php;tests/,MYMI-GTM-029;MYMI-GTM-031,docs/_aiops/gtm/MYMI_PLATFORM_COMPLETION_AUDIT_2026-09-20.md,2026-09-20T00:00:00Z
MYMI-GTM-063,MYMI-GTM-COMPLETION,W6,Data operations clients and release,Establish observability SLO and incident signals,Establish observability SLO and incident signals,"Complete and certify “Establish observability SLO and incident signals” with targeted positive, negative, authorization, and failure evidence as applicable; record risks, rollback, and atomic successors.",proposed,high,P0,operations-owner,,,app/Config/Logger.php;app/Services/;app/Commands/;docs/,MYMI-GTM-031;MYMI-GTM-062,docs/_aiops/gtm/MYMI_PLATFORM_COMPLETION_AUDIT_2026-09-20.md,2026-09-20T00:00:00Z
MYMI-GTM-064,MYMI-GTM-COMPLETION,W6,Data operations clients and release,Reconcile repository hygiene assets and operator README,Reconcile repository hygiene assets and operator README,"Complete and certify “Reconcile repository hygiene assets and operator README” with targeted positive, negative, authorization, and failure evidence as applicable; record risks, rollback, and atomic successors.",proposed,medium,P1,source-review,,,README.md;mobile/assets/;app/Modules/;docs/,MYMI-GTM-009,docs/_aiops/gtm/MYMI_PLATFORM_COMPLETION_AUDIT_2026-09-20.md,2026-09-20T00:00:00Z
MYMI-GTM-065,MYMI-GTM-COMPLETION,W6,Data operations clients and release,Decide and certify mobile application release scope,Decide and certify mobile application release scope,"Complete and certify “Decide and certify mobile application release scope” with targeted positive, negative, authorization, and failure evidence as applicable; record risks, rollback, and atomic successors.",proposed,high,P2,mobile-release-owner,,,mobile/package.json;mobile/app.json;mobile/src/;mobile/assets/;mobile/README.md,MYMI-GTM-016;MYMI-GTM-027,docs/_aiops/gtm/MYMI_PLATFORM_COMPLETION_AUDIT_2026-09-20.md,2026-09-20T00:00:00Z
MYMI-GTM-066,MYMI-GTM-COMPLETION,W6,Data operations clients and release,Decide and certify MyMI SDK contract,Decide and certify MyMI SDK contract,"Complete and certify “Decide and certify MyMI SDK contract” with targeted positive, negative, authorization, and failure evidence as applicable; record risks, rollback, and atomic successors.",proposed,medium,P2,sdk-owner,,,mymi-sdk/package.json;mymi-sdk/src/;docs/,MYMI-GTM-027,docs/_aiops/gtm/MYMI_PLATFORM_COMPLETION_AUDIT_2026-09-20.md,2026-09-20T00:00:00Z
MYMI-GTM-067,MYMI-GTM-COMPLETION,W6,Data operations clients and release,Measure performance capacity and provider limits,Measure performance capacity and provider limits,"Complete and certify “Measure performance capacity and provider limits” with targeted positive, negative, authorization, and failure evidence as applicable; record risks, rollback, and atomic successors.",proposed,high,P1,human-performance-environment,,,app/Config/;app/Services/;app/Commands/;docs/,MYMI-GTM-063,docs/_aiops/gtm/MYMI_PLATFORM_COMPLETION_AUDIT_2026-09-20.md,2026-09-20T00:00:00Z
MYMI-GTM-068,MYMI-GTM-COMPLETION,W6,Data operations clients and release,Certify isolated staging release candidate,Certify isolated staging release candidate,"The exact RC SHA, artifact, and schema pass scoped public, auth, finance, privacy, admin, security, and failure journeys in staging.",proposed,critical,P0,human-staging-mutation,,,docs/launch/;tests/;app/Config/,MYMI-GTM-011;MYMI-GTM-017;MYMI-GTM-028;MYMI-GTM-034;MYMI-GTM-037;MYMI-GTM-039;MYMI-GTM-045;MYMI-GTM-057;MYMI-GTM-060;MYMI-GTM-063,docs/_aiops/gtm/MYMI_PLATFORM_COMPLETION_AUDIT_2026-09-20.md,2026-09-20T00:00:00Z
MYMI-GTM-069,MYMI-GTM-COMPLETION,W6,Data operations clients and release,Approve deployment and prove rollback,Approve deployment and prove rollback,"Named approvers accept artifact, migration order, monitors, stop conditions, and a rehearsed rollback or forward-fix.",proposed,critical,P0,human-release-approval,,,docs/launch/;docs/;scripts/,MYMI-GTM-068,docs/_aiops/gtm/MYMI_PLATFORM_COMPLETION_AUDIT_2026-09-20.md,2026-09-20T00:00:00Z
MYMI-GTM-070,MYMI-GTM-COMPLETION,W6,Data operations clients and release,Reconcile production after approved deployment,Reconcile production after approved deployment,"Production SHA, schema, config, smoke, jobs, telemetry, and financial reconciliation match the approval or trigger rollback.",proposed,critical,P0,human-production-readonly-and-rollback,,,docs/launch/;docs/_aiops/;scripts/,MYMI-GTM-069,docs/_aiops/gtm/MYMI_PLATFORM_COMPLETION_AUDIT_2026-09-20.md,2026-09-20T00:00:00Z
