slice,source_mutation_candidate_order,method,route,route_literal,handler,api_token_guard_present,matched_route_line
GT-001D-B4,76,POST,API/Marketing/generateCampaignStepContent,generateCampaignStepContent,MarketingAPIController::generateCampaignStepContent,yes,"$routes->match(['GET', 'POST'], 'generateCampaignStepContent', 'MarketingAPIController::generateCampaignStepContent', ['filter' => 'apiToken']);"
GT-001D-B4,77,POST,API/Marketing/generatePostMediaContent,generatePostMediaContent,MarketingAPIController::generatePostMediaContent,yes,"$routes->match(['GET', 'POST'], 'generatePostMediaContent', 'MarketingAPIController::generatePostMediaContent', ['filter' => 'apiToken']);"
GT-001D-B4,78,POST,API/Marketing/runNewsScrape,runNewsScrape,MarketingAPIController::runNewsScrape,yes,"$routes->match(['GET', 'POST'], 'runNewsScrape', 'MarketingAPIController::runNewsScrape', ['filter' => 'apiToken']);"
GT-001D-B4,79,POST,API/Marketing/runNewsGenerate,runNewsGenerate,MarketingAPIController::runNewsGenerate,yes,"$routes->match(['GET', 'POST'], 'runNewsGenerate', 'MarketingAPIController::runNewsGenerate', ['filter' => 'apiToken']);"
GT-001D-B4,80,POST,API/Marketing/runNewsPipeline,runNewsPipeline,MarketingAPIController::runNewsPipeline,yes,"$routes->match(['GET', 'POST'], 'runNewsPipeline', 'MarketingAPIController::runNewsPipeline', ['filter' => 'apiToken']);"
GT-001D-B4,81,POST,API/Marketing/submitLargeContent,submitLargeContent,MarketingAPIController::submitLargeContent,yes,"$routes->post('submitLargeContent', 'MarketingAPIController::submitLargeContent', ['filter' => 'apiToken']);"
GT-001D-B4,82,POST,API/Marketing/submitManualContent,submitManualContent,MarketingAPIController::submitManualContent,yes,"$routes->post('submitManualContent', 'MarketingAPIController::submitManualContent', ['filter' => 'apiToken']);"
GT-001D-B4,83,POST,API/Marketing/updateCampaignLinks,updateCampaignLinks,MarketingAPIController::updateCampaignLinks,yes,"$routes->post('updateCampaignLinks', 'MarketingAPIController::updateCampaignLinks', ['filter' => 'apiToken']);"
GT-001D-B4,84,POST,API/Marketing/updateInsight,updateInsight,MarketingAPIController::updateInsight,yes,"$routes->post('updateInsight', 'MarketingAPIController::updateInsight', ['filter' => 'apiToken']);"
GT-001D-B4,85,POST,API/Marketing/updateCampaignMessageField,updateCampaignMessageField,MarketingAPIController::updateCampaignMessageField,yes,"$routes->post('updateCampaignMessageField', 'MarketingAPIController::updateCampaignMessageField', ['filter' => 'apiToken']);"
GT-001D-B4,86,POST,API/Marketing/updatePostSchedule/([0-9]+),updatePostSchedule/(:num),MarketingAPIController::updatePostSchedule/$1,yes,"$routes->post('updatePostSchedule/(:num)', 'MarketingAPIController::updatePostSchedule/$1', ['filter' => 'apiToken']);"
GT-001D-B4,87,POST,API/Marketing/updatePlatformToggle/([0-9]+),updatePlatformToggle/(:num),MarketingAPIController::updatePlatformToggle/$1,yes,"$routes->post('updatePlatformToggle/(:num)', 'MarketingAPIController::updatePlatformToggle/$1', ['filter' => 'apiToken']);"
GT-001D-B4,88,POST,API/Marketing/validateSymbol,validateSymbol,MarketingAPIController::validateSymbol,yes,"$routes->post('validateSymbol', 'MarketingAPIController::validateSymbol', ['filter' => 'apiToken']);"
GT-001D-B4,89,POST,API/Marketing/uploadNotification,uploadNotification,MarketingAPIController::uploadNotification,yes,"$routes->post('uploadNotification', 'MarketingAPIController::uploadNotification', ['filter' => 'apiToken']);"
GT-001D-B4,90,POST,API/Marketing/getStoryUpdates,getStoryUpdates,MarketingAPIController::getStoryUpdates,yes,"$routes->post('getStoryUpdates', 'MarketingAPIController::getStoryUpdates', ['filter' => 'apiToken']);"
GT-001D-B4,91,POST,API/Marketing/generateMarketingPackage,generateMarketingPackage,MarketingAPIController::generateMarketingPackage,yes,"$routes->post('generateMarketingPackage', 'MarketingAPIController::generateMarketingPackage', ['filter' => 'apiToken']); | $routes->post('generateMarketingPackage', 'MarketingAPIController::generateMarketingPackage', ['filter' => 'apiToken']);"
GT-001D-B4,92,POST,API/Marketing/processPendingNotifications,processPendingNotifications,MarketingAPIController::processPendingNotifications,yes,"$routes->match(['GET', 'POST'], 'processPendingNotifications', 'MarketingAPIController::processPendingNotifications', ['filter' => 'apiToken']);"
GT-001D-B4,93,POST,API/Marketing/processPendingTempScraper,processPendingTempScraper,MarketingAPIController::processPendingTempScraper,yes,"$routes->match(['GET', 'POST'], 'processPendingTempScraper', 'MarketingAPIController::processPendingTempScraper', ['filter' => 'apiToken']);"
GT-001D-B4,94,POST,API/Marketing/processPendingCampaigns,processPendingCampaigns,MarketingAPIController::processPendingCampaigns,yes,"$routes->match(['GET', 'POST'], 'processPendingCampaigns', 'MarketingAPIController::processPendingCampaigns', ['filter' => 'apiToken']);"
GT-001D-B4,95,POST,API/Marketing/processPendingGeneratedContent,processPendingGeneratedContent,MarketingAPIController::processPendingGeneratedContent,yes,"$routes->match(['GET', 'POST'], 'processPendingGeneratedContent', 'MarketingAPIController::processPendingGeneratedContent', ['filter' => 'apiToken']);"
GT-001D-B4,96,POST,API/Marketing/retryDistributionTargets,retryDistributionTargets,MarketingAPIController::retryDistributionTargets,yes,"$routes->match(['GET', 'POST'], 'retryDistributionTargets', 'MarketingAPIController::retryDistributionTargets', ['filter' => 'apiToken']);"
GT-001D-B4,97,POST,API/Marketing/retryDistributionTargets/([0-9]+),retryDistributionTargets/(:num),MarketingAPIController::retryDistributionTargets/$1,yes,"$routes->match(['GET', 'POST'], 'retryDistributionTargets/(:num)', 'MarketingAPIController::retryDistributionTargets/$1', ['filter' => 'apiToken']);"
GT-001D-B4,98,POST,API/Marketing/runMarketingPipeline,runMarketingPipeline,MarketingAPIController::runMarketingPipeline,yes,"$routes->match(['GET', 'POST'], 'runMarketingPipeline', 'MarketingAPIController::runMarketingPipeline', ['filter' => 'apiToken']);"
GT-001D-B4,99,POST,API/Marketing/Add-Subscriber,Add-Subscriber,MarketingAPIController::addSubscriber,yes,"$routes->match(['POST'], 'Add-Subscriber', 'MarketingAPIController::addSubscriber', ['filter' => 'apiToken']);"
GT-001D-B4,100,POST,API/Marketing/fetchMissingLogos,fetchMissingLogos,MarketingAPIController::fetchMissingLogos,yes,"$routes->post('fetchMissingLogos', 'MarketingAPIController::fetchMissingLogos', ['filter' => 'apiToken']);"
